"","LR Chisq","Df","Pr(>Chisq)"
"City_dist",0.0987924269441338,1,0.753283609547272
"City_dist1",0.022458149144275,1,0.880874729623069
"Transect_ID",0.00127575369351263,1,0.971507461460169
"City_dist:Transect_ID",0.239559273803111,1,0.6245246117694
"Transect_ID1",0.0025317100140585,1,0.959870493324483
"City_dist2",0.0237141054648209,1,0.877614585688888
