"","LR Chisq","Df","Pr(>Chisq)"
"City_dist",0.0835306664600965,1,0.772568579921095
"City_dist1",0.0325285489617402,1,0.856872524065427
"Transect_ID",0.0637204878869426,1,0.80070935251366
"City_dist:Transect_ID",0.0264036804911018,1,0.870918353910514
"City_dist2",0.0233272871966642,1,0.878609047772688
"Transect_ID1",0.0545192261218667,1,0.815378197081299
