,npar,logLik,AIC,LRT,Df,Pr(>Chisq)
<none>,4,-3460.645996,6929.291991,NA,NA,NA
(1 | Family:Population),3,-3467.604062,6941.208123,13.91613171,1,0.000191151
(1 | Population),3,-3460.810711,6927.621422,0.329430138,1,0.565994836
,Group,Variance,PVE,,,
1,Family:Population,17.70726526,0.109393157,,,
2,Population,1.645149394,0.010163517,,,
3,Residual,142.5157103,0.880443326,,,
