"","monarch_mods1.R2m","monarch_mods1.R2c","monarch_mods2.R2m","monarch_mods2.R2c","monarch_mods3.R2m","monarch_mods3.R2c","monarch_mods4.R2m","monarch_mods4.R2c","asclepiadis_mods1.R2m","asclepiadis_mods1.R2c","asclepiadis_mods2.R2m","asclepiadis_mods2.R2c","asclepiadis_mods3.R2m","asclepiadis_mods3.R2c","asclepiadis_mods4.R2m","asclepiadis_mods4.R2c","clivicollis_mods1.R2m","clivicollis_mods1.R2c","clivicollis_mods2.R2m","clivicollis_mods2.R2c","clivicollis_mods3.R2m","clivicollis_mods3.R2c","clivicollis_mods4.R2m","clivicollis_mods4.R2c"
"delta",0.343242144142412,0.355308939543969,0.343870296010466,0.354926108947453,0.345238366852358,0.357289078111385,0.34503875559521,0.357208948048013,0.215821721092023,0.32907386653813,0.216324547647828,0.328181184116266,0.215805168883053,0.332523061887047,0.215828412324285,0.332866771735521,0.0131756408756261,0.0163754713708729,0.0134472557377532,0.0165612679621525,0.0156666196095708,0.022012342859758,0.0195634628557207,0.0195634643084082
"lognormal",0.519545495708486,0.537810295953743,0.520677146708128,0.537417496780105,0.521319964358176,0.539516888475632,0.521078005425447,0.539457446882713,0.264066269405737,0.402634673914929,0.264779982093312,0.40169185142655,0.263690248952509,0.406306713714361,0.263689266572675,0.406681372299921,0.164829504292327,0.204859927049728,0.168113149971864,0.207043502328063,0.174935468710572,0.245792622247441,0.250770794543067,0.250770813164084
"trigamma",0.14118294814296,0.146146283148591,0.141372097868185,0.145917368240979,0.142645469799802,0.147624578537449,0.14252868877747,0.147555954684093,0.160019990582189,0.243990256206989,0.160313511909254,0.243208081284733,0.160285507324253,0.24697567693785,0.160323092067586,0.247262302106039,0.000206619478353987,0.000256798996298511,0.000210400481156701,0.000259123408950958,0.000269583949149692,0.000378778221853639,0.000277133079260158,0.00027713309983871
