"npar","logLik","AIC","LRT","Df","Pr(>Chisq)"
"<none>",4,-2879.14561113862,5766.29122227724,NA,NA,NA
"(1 | Family:Population)",3,-2881.53669121969,5769.07338243937,4.78216016213264,1,0.0287560266898949
"(1 | Population)",3,-2879.145611136,5764.29122227199,-5.24323695572093e-09,1,1
"Group","Variance","PVE"
"1","Family:Population",71.7875548630727,0.0709539268322355
"2","Population",0,0
"3","Residual",939.961309055456,0.929046073167764
"Chisq","Df","Pr(>Chisq)"
"Transect_ID",6.81438568150444,1,0.00904264057442476
