"npar","logLik","AIC","LRT","Df","Pr(>Chisq)"
"<none>",4,-4233.60282581211,8475.20565162422,NA,NA,NA
"(1 | Family:Population)",3,-4239.20766245732,8484.41532491464,11.2096732904283,1,0.000813720444443568
"(1 | Population)",3,-4233.60282577108,8473.20565154215,-8.20655259303749e-08,1,1
"Group","Variance","PVE"
"1","Family:Population",88.3446660109463,0.0940469262417723
"2","Population",1.55778779358024e-06,1.65833615472632e-09
"3","Residual",851.023258011663,0.905953072099892
