"npar","logLik","AIC","LRT","Df","Pr(>Chisq)"
"<none>",4,-1464.15438601541,2936.30877203082,NA,NA,NA
"(1 | Family:Population)",3,-1468.69401178409,2943.38802356818,9.07925153735869,1,0.00258525835646413
"(1 | Population)",3,-1464.15438601193,2934.30877202387,-6.9508132582996e-09,1,1
"Group","Variance","PVE"
"1","Family:Population",0.139154900941091,0.0833763910828752
"2","Population",0,0
"3","Residual",1.52984155157714,0.916623608917125
