"npar","logLik","AIC","LRT","Df","Pr(>Chisq)"
"<none>",4,-2296.13087675876,4600.26175351751,NA,NA,NA
"(1 | Family:Population)",3,-2299.53061484292,4605.06122968583,6.79947616832033,1,0.00911846217603588
"(1 | Population)",3,-2296.13134404099,4598.26268808197,0.000934564462113485,1,0.97561195145098
"Group","Variance","PVE"
"1","Family:Population",13.2601943727595,0.0940213871150108
"2","Population",0.089565707267945,0.000635065504964897
"3","Residual",127.684049137646,0.905343547380024
"Chisq","Df","Pr(>Chisq)"
"Transect_ID",0.669977611614115,1,0.413059412752026
