"npar","logLik","AIC","LRT","Df","Pr(>Chisq)"
"<none>",4,-1077.09187219707,2162.18374439413,NA,NA,NA
"(1 | Family:Population)",3,-1079.31164725444,2164.62329450888,4.43955011474463,1,0.0351154997196974
"(1 | Population)",3,-1077.12877654841,2160.25755309683,0.0738087026929861,1,0.785869948444974
"Group","Variance","PVE"
"1","Family:Population",0.178640870305919,0.0791281096564008
"2","Population",0.0130292349444635,0.00577123661376585
"3","Residual",2.06594569122996,0.915100653729833
"Chisq","Df","Pr(>Chisq)"
"Transect_ID",2.95703412277008,1,0.0855046492533089
