"npar","logLik","AIC","LRT","Df","Pr(>Chisq)"
"<none>",4,-1885.88781753143,3779.77563506287,NA,NA,NA
"(1 | Family:Population)",3,-1887.88868627287,3781.77737254573,4.00173748286852,1,0.0454533851639782
"(1 | Population)",3,-1886.80049751171,3779.60099502342,1.82535996055776,1,0.176676588393203
"Group","Variance","PVE"
"1","Family:Population",0.245723158179663,0.0560884390687485
"2","Population",0.0978833624378088,0.022342725246609
"3","Residual",4.03738824870525,0.921568835684643
