"npar","logLik","AIC","LRT","Df","Pr(>Chisq)"
"<none>",4,-1357.89671079807,2723.79342159614,NA,NA,NA
"(1 | Family:Population)",3,-1357.9484911528,2721.8969823056,0.103560709450903,1,0.747597775947514
"(1 | Population)",3,-1357.89670045569,2721.79340091139,-2.0684758965217e-05,1,1
"Group","Variance","PVE"
"1","Family:Population",1.85442221614198,0.016681916838342
"2","Population",5.83551255775105e-06,5.24948063877436e-08
"3","Residual",109.309189062162,0.983318030666852
"Chisq","Df","Pr(>Chisq)"
"Transect_ID",2.0144072889008,1,0.155812106094359
