"npar","logLik","AIC","LRT","Df","Pr(>Chisq)"
"<none>",4,-1532.00400569102,3072.00801138205,NA,NA,NA
"(1 | Family:Population)",3,-1535.10686478122,3076.21372956245,6.20571818039525,1,0.0127338273730755
"(1 | Population)",3,-1532.1648438922,3070.32968778441,0.321676402355479,1,0.570601926024503
"Group","Variance","PVE"
"1","Family:Population",0.148858834507067,0.0762782638133712
"2","Population",0.0196596440077832,0.0100739974020921
"3","Residual",1.78300515436801,0.913647738784537
