"npar","logLik","AIC","LRT","Df","Pr(>Chisq)"
"<none>",4,-1372.17556583303,2752.35113166606,NA,NA,NA
"(1 | Family:Population)",3,-1373.94965207167,2753.89930414333,3.54817247727578,1,0.0596110707842086
"(1 | Population)",3,-1372.32203555913,2750.64407111825,0.292939452196606,1,0.588342988615352
"Group","Variance","PVE"
"1","Family:Population",0.385749366020135,0.0674500059621978
"2","Population",0.0617369774614452,0.0107949872758707
"3","Residual",5.27155490073013,0.921755006761932
"Chisq","Df","Pr(>Chisq)"
"Transect_ID",1.01628821789786,1,0.313401075170809
