"Group","Variance","PVE"
"1","Population:Family",0.0326232115174003,0.932701940305897
"2","Population",0.00235389114274954,0.0672980596941032
