"Group","Variance","PVE"
"1","Population:Family",3.69790925072581e-14,8.13676300442677e-14
"2","Population",0.454469332425398,0.999999999999919
