,npar,logLik,AIC,LRT,Df,Pr(>Chisq)
<none>,4,-4354.161524,8716.323047,NA,NA,NA
(1 | Family:Population),3,-4361.7235,8729.446999,15.12395218,1,0.000100678
(1 | Population),3,-4354.194286,8714.388571,0.065523804,1,0.797969231
,Group,Variance,PVE,,,
1,Family:Population,116.9218369,0.112150084,,,
2,Population,4.378527742,0.004199834,,,
3,Residual,921.2475543,0.883650082,,,
