"npar","logLik","AIC","LRT","Df","Pr(>Chisq)"
"<none>",4,-5037.56684215461,10083.1336843092,NA,NA,NA
"(1 | Family:Population)",3,-5039.51932173484,10085.0386434697,3.90495916045438,1,0.0481437976753113
"(1 | Population)",3,-5037.67848123274,10081.3569624655,0.22327815627068,1,0.636553399882064
"Group","Variance","PVE"
"1","Family:Population",254.374943547156,0.0547537545478408
"2","Population",32.6716850912928,0.0070325221549243
"3","Residual",4358.7524703968,0.938213723297235
