"Group","Variance","PVE"
"1","Population:Family",0.439180649118263,0.0740678757513661
"2","Population",0.0492993586361901,0.00831434348808043
"3","Residual",5.4409549147823,0.917617780760554
