"npar","logLik","AIC","LRT","Df","Pr(>Chisq)"
"<none>",5,-829.480686612336,1668.96137322467,NA,NA,NA
"(1 | Family:Population)",4,-829.480686612336,1666.96137322467,-4.54747350886464e-13,1,1
"(1 | Population)",4,-829.480686612336,1666.96137322467,-6.82121026329696e-13,1,1
"Group","Variance","PVE"
"1","Family:Population",0,0
"2","Population",0,0
"3","Residual",1.63872478796609,1
"Chisq","Df","Pr(>Chisq)"
"Transect_ID",1.41879910766788,1,0.23360116520572
