"npar","logLik","AIC","LRT","Df","Pr(>Chisq)"
"<none>",4,1470.01446898719,-2932.02893797439,NA,NA,NA
"(1 | Family:Population)",3,1469.78008724056,-2933.56017448112,0.468763493272036,1,0.493556570076362
"(1 | Population)",3,1469.7923956803,-2933.58479136061,0.444146613780049,1,0.505127821756885
"Group","Variance","PVE"
"1","Family:Population",2.29165584547749e-05,0.023786837469407
"2","Population",9.96142329972649e-06,0.0103397182200012
"3","Residual",0.000930535438976546,0.965873444310592
