"Group","Variance","PVE"
"1","Population:Family",0.0273151777510345,0.850224770934594
"2","Population",0.00481182993542561,0.149775229065406
